gender,yearsExperience,yearsSchool,wage
female,9,13,6.315295646
female,12,12,5.479769979
female,11,11,3.642169917
female,9,14,4.5933366
female,8,14,2.418157461
female,9,14,2.09405811
female,8,12,5.51200392
female,10,12,3.54842716
female,12,10,5.81822636
female,7,12,3.8277805
female,10,14,6.73689368
female,10,13,12.86134248
female,10,13,7.655561
female,9,10,2.44977952
female,10,13,6.105662147
female,3,15,8.26800588
female,9,14,1.862405483
female,13,11,3.98089172
female,10,12,4.763460178
female,11,12,6.380595586
female,8,14,5.631123847
female,7,11,2.488057325
female,7,14,1.223738277
female,5,12,1.345653539
female,5,14,0.751111645
female,10,14,11.33023028
female,11,12,3.894757656
female,6,13,2.998515251
female,11,12,3.267896188
female,9,12,1.355197181
female,10,14,4.28711416
female,11,12,7.624938756
female,11,13,4.443786106
female,5,12,1.134281476
female,5,15,9.064184223
female,12,12,3.98089172
female,11,12,3.450705238
female,4,14,8.096728922
female,10,13,8.735213831
female,9,15,7.275845174
female,12,12,5.51200392
female,8,15,9.786358811
female,7,14,7.04311612
female,8,11,0.785271791
female,9,12,4.008730123
female,10,12,3.612151277
female,15,7,3.184713376
female,6,15,5.81822636
female,10,12,2.274795268
female,7,16,5.447892668
female,9,12,2.403557265
female,8,14,9.033561979
female,10,13,4.974095942
female,7,14,9.327612398
female,10,12,5.8734468
female,9,12,3.283209666
female,8,14,2.14355708
female,5,13,2.560573569
female,5,14,9.186673199
female,3,12,2.835191083
female,10,12,5.897617363
female,7,12,2.533294731
female,8,14,8.26800588
female,8,15,14.10205185
female,9,11,0.729323674
female,7,11,4.5933366
female,7,12,3.377726308
female,10,13,3.184713376
female,13,9,5.007410968
female,5,12,2.31896605
female,9,12,3.387992953
female,10,11,2.44977952
female,9,13,5.81822636
female,10,13,5.3588927
female,7,11,7.143282338
female,6,12,5.599636033
female,8,12,3.8277805
female,6,12,8.071322821
female,9,12,3.943917493
female,11,12,6.345541401
female,7,13,5.483612435
female,9,13,6.9801937
female,9,13,10.04701244
female,11,12,5.51200392
female,8,15,6.255686988
female,11,12,3.234474522
female,8,10,1.918321469
female,4,14,11.09104161
female,8,14,5.184417123
female,9,14,5.136634477
female,9,13,4.241819428
female,7,12,3.902835019
female,11,12,6.78035751
female,9,12,1.026185421
female,10,12,4.593064402
female,11,8,0.438681449
female,9,13,7.34933856
female,8,12,4.5933366
female,7,13,4.724574788
female,6,13,4.81721351
female,4,12,8.530482257
female,7,14,6.195187114
female,10,13,4.704690214
female,10,12,5.083341382
female,6,12,5.790387956
female,7,16,5.103707333
female,7,14,6.99083424
female,9,12,4.316205292
female,8,13,7.710027441
female,5,12,5.710983902
female,8,12,1.981929756
female,6,12,5.817587064
female,9,13,3.67466928
female,7,13,2.75600196
female,5,14,4.948149708
female,9,12,3.98089172
female,8,13,4.157144941
female,10,12,4.744451957
female,8,12,6.613622026
female,6,13,2.737575968
female,8,13,5.249527543
female,8,12,3.985178834
female,10,12,7.96178344
female,7,13,6.118256233
female,8,12,3.14299224
female,7,13,6.1244488
female,7,12,4.862157826
female,8,10,1.809496236
female,7,12,2.381094113
female,10,12,3.67466928
female,9,13,6.984020561
female,9,13,12.2488976
female,10,12,7.34933856
female,6,12,1.978082842
female,10,12,3.21533562
female,6,12,4.727821919
female,7,13,8.729671182
female,10,12,6.654624964
female,8,13,4.626702241
female,4,11,3.0622244
female,7,13,5.906195715
female,9,12,4.479596836
female,8,12,3.36844684
female,10,12,2.807039033
female,5,14,7.724118262
female,7,13,3.694563081
female,7,14,6.498828198
female,8,13,2.389198514
female,6,12,4.5933366
female,8,12,4.5933366
female,7,11,4.082965866
female,4,12,2.456077154
female,8,13,7.655561
female,5,14,3.164932547
female,6,13,4.942537628
female,7,12,3.67466928
female,6,10,2.022040239
female,10,12,9.799118079
female,6,13,7.582650895
female,8,13,2.990341198
female,9,12,4.28711416
female,6,11,4.5933366
female,4,12,1.213224143
female,6,12,6.1244488
female,7,14,7.146308556
female,8,11,3.361641897
female,3,12,2.14355708
female,6,12,1.959823616
female,1,13,4.32211101
female,8,12,0.10289074
female,5,9,2.547770701
female,8,12,7.96178344
female,8,12,6.573949629
female,7,11,4.28711416
female,4,11,3.293844718
female,6,12,6.910770436
female,9,12,4.447923709
female,5,11,0.779929806
female,7,12,4.723091871
female,8,12,3.931744908
female,8,10,1.350408499
female,6,13,3.538570418
female,6,12,2.87054786
female,6,11,2.481113909
female,4,12,4.13400294
female,9,12,1.532954694
female,8,12,2.44977952
female,6,11,4.461344169
female,3,13,4.042913691
female,7,11,3.36844684
female,7,14,5.108725208
female,8,11,7.259984899
female,6,12,8.26800588
female,9,12,3.21533562
female,6,12,4.914681136
female,6,12,5.639596603
female,9,12,4.303666724
female,9,12,4.5933366
female,7,12,2.71865776
female,7,12,4.405367206
female,10,11,2.382875702
female,7,12,7.96178344
female,4,11,4.78904267
female,8,12,9.609696183
female,6,12,0.931202742
female,8,11,2.820118603
female,8,13,3.510707658
female,9,12,3.98089172
female,4,12,5.51200392
female,7,12,2.948808681
female,5,12,4.5933366
female,7,10,4.478503185
female,7,12,3.042114269
female,3,12,3.578329636
female,8,12,5.203780026
female,2,12,2.615465091
female,8,12,2.799748023
female,3,12,6.548653046
female,6,11,4.485511797
female,9,11,2.621163272
female,9,12,7.834054293
female,8,13,6.278434941
female,8,12,4.5933366
female,4,13,6.43067124
female,8,12,5.247725439
female,7,12,12.53589145
female,5,12,2.279884296
female,5,14,7.655561
female,3,12,4.89955904
female,9,11,9.836952512
female,6,12,7.34933856
female,7,11,4.460532763
female,8,8,1.764622737
female,9,11,6.587087018
female,9,10,3.791325447
female,7,11,5.81822636
female,5,11,9.560115199
female,4,10,3.137648646
female,8,11,4.793848534
female,5,10,0.518894236
female,6,10,2.943358018
female,6,11,3.392412074
female,4,11,6.137208068
female,4,12,4.385411563
female,9,11,3.67466928
female,6,12,2.817246448
female,4,11,3.919647232
female,7,11,2.923671296
female,8,10,6.08842263
female,3,10,1.709543111
female,8,11,9.186673199
female,2,11,2.529781146
female,5,12,4.81316883
female,4,11,4.018565774
female,9,10,3.186705067
female,5,11,1.569608735
female,7,11,3.0622244
female,4,11,4.89955904
female,5,11,5.157430568
female,7,10,1.708537219
female,5,11,5.756259933
female,5,11,5.741364527
female,7,11,9.907997169
female,3,10,2.370019256
female,8,11,4.777070064
female,8,11,3.36844684
female,7,12,7.96178344
female,4,11,3.000979912
female,6,11,4.834479508
female,8,10,5.05267026
female,4,12,6.43067124
female,6,11,0.7655561
female,5,11,5.200269476
female,5,10,3.480561066
female,4,11,0.92954832
female,8,10,1.876164479
female,4,12,4.28711416
female,7,13,3.755558226
female,6,11,3.67466928
female,7,11,15.92356688
female,5,12,5.408256426
female,5,12,5.136634477
female,2,11,1.712211492
female,4,10,4.46076152
female,9,10,2.901327864
female,9,10,6.044524743
female,9,10,8.26800588
female,7,11,6.285618505
female,8,12,5.66511514
female,7,10,5.66511514
female,3,12,3.184713376
female,4,11,5.861435661
female,8,11,6.511873995
female,7,11,1.777750688
female,9,10,6.824385805
female,8,11,4.246284501
female,5,11,5.389514944
female,5,8,2.978508913
female,6,10,1.633186347
female,5,10,2.75600196
female,7,11,3.970909371
female,8,10,6.260547662
female,6,10,3.257093225
female,4,10,3.155133995
female,7,10,6.1244488
female,7,10,3.693891739
female,8,10,3.115480476
female,9,10,0.91866732
female,6,12,12.2488976
female,8,10,1.728474017
female,5,11,5.587216449
female,5,10,4.443786106
female,3,9,3.272940467
female,7,9,3.67466928
female,9,14,5.144536992
female,8,15,5.208643372
female,11,12,6.451247451
female,12,12,4.5933366
female,11,12,3.896468241
female,6,14,5.017930739
female,10,14,5.756981872
female,11,11,0.42462845
female,9,15,5.090641842
female,9,14,5.867435083
female,11,12,4.608370776
female,12,11,4.28711416
female,9,10,4.472912045
female,11,12,7.123700972
female,7,15,8.54956611
female,8,15,10.41156296
female,6,14,3.033060358
female,3,14,5.97133758
female,13,11,5.443954489
female,7,14,2.256883495
female,9,13,5.661712668
female,10,10,2.547770701
female,11,12,5.902171507
female,12,12,2.878490936
female,11,12,3.710345681
female,9,13,7.64713567
female,10,13,4.489727504
female,9,12,4.21943356
female,9,14,6.1244488
female,4,14,3.98089172
female,13,11,5.119633796
female,8,12,3.386820186
female,8,13,1.654396559
female,10,13,8.932732639
female,7,12,5.136634477
female,10,13,3.98089172
female,14,9,5.75261824
female,9,14,8.173158221
female,9,12,7.593266606
female,9,14,10.41940365
female,11,12,4.491262453
female,8,12,4.014344591
female,10,12,3.089647305
female,8,14,3.77335708
female,8,14,5.97133758
female,10,12,3.821656051
female,9,13,5.81822636
female,10,12,4.005928775
female,11,12,5.51200392
female,11,12,6.73689368
female,4,16,9.43618778
female,7,13,7.04311612
female,8,13,7.306574329
female,11,12,6.649401554
female,13,10,9.199309614
female,11,12,7.655561
female,11,12,7.607210088
female,7,14,7.27417487
female,8,14,3.36844684
female,11,12,2.870835375
female,10,12,5.696235306
female,10,12,6.270420118
female,15,6,4.303666724
female,8,14,11.45271926
female,7,14,1.248907206
female,7,13,5.072604407
female,7,12,7.014787171
female,9,12,6.43067124
female,9,12,6.73689368
female,9,12,3.67466928
female,9,10,0.449606594
female,8,13,7.483284932
female,10,9,3.214852619
female,7,13,3.292001323
female,9,12,5.059327269
female,7,12,3.0622244
female,11,9,3.033060358
female,7,12,3.642874957
female,9,12,3.461644974
female,9,12,4.5933366
female,9,13,6.859382656
female,10,12,5.192467461
female,7,13,9.072366198
female,4,15,7.96178344
female,6,9,2.44977952
female,8,14,14.69867712
female,6,13,0.428711416
female,7,11,7.96178344
female,7,13,7.34933856
female,5,13,5.055100597
female,7,13,5.184880887
female,12,9,3.631690692
female,9,12,4.985278765
female,9,11,0.07655561
female,5,12,0.474739882
female,8,13,7.092902841
female,7,12,2.73222287
female,9,12,4.022795843
female,8,13,4.935876526
female,9,10,3.67466928
female,8,14,3.309366168
female,8,12,5.373709915
female,8,12,4.757471828
female,6,10,2.662803826
female,8,10,5.294280548
female,9,12,3.266372693
female,6,10,4.840764331
female,5,11,1.185797534
female,6,12,4.157126872
female,6,12,6.73689368
female,9,11,2.846671174
female,5,10,2.75600196
female,8,12,3.98089172
female,7,11,6.030627456
female,9,12,5.374494398
female,12,8,2.14355708
female,12,9,4.5933366
female,7,12,3.36844684
female,8,12,5.751175397
female,10,8,6.14809532
female,1,12,2.774677675
female,8,11,4.765157171
female,4,11,2.44977952
female,9,12,7.012212938
female,4,12,8.165931733
female,6,9,3.54330383
female,8,12,2.370754374
female,8,11,7.730702654
female,8,12,3.36844684
female,8,12,6.1244488
female,8,12,4.5933366
female,9,9,3.746721619
female,6,12,5.97133758
female,7,11,1.887237556
female,4,11,1.838749062
female,10,9,2.60289074
female,9,10,3.0622244
female,9,11,5.802109389
female,8,11,7.34933856
female,5,8,1.481262035
female,8,9,4.828504129
female,8,11,6.499415053
female,5,11,3.67466928
female,9,11,5.729114009
female,8,10,6.824385805
female,6,11,3.245957864
female,7,11,4.769121528
female,9,11,3.463455255
female,9,9,5.51200392
female,9,11,5.890345331
female,5,10,3.256353145
female,5,10,3.860258637
female,9,10,4.845942187
female,5,12,8.097882302
female,8,11,4.103004963
female,3,10,3.36844684
female,8,11,4.28711416
female,4,12,5.276448197
female,7,11,4.777070064
female,7,9,4.87456129
female,8,11,3.735913768
female,7,10,5.81822636
female,8,10,4.019411076
female,8,11,5.681648276
female,8,11,7.655561
female,7,11,7.34933856
female,8,12,4.683402023
female,6,7,5.790387956
female,6,9,2.048972321
female,7,11,2.322186837
female,4,11,9.926379353
female,5,11,4.97611465
female,6,10,3.796975709
female,6,11,4.814429201
female,4,11,2.270700637
female,3,10,5.573248408
female,10,10,7.372021703
female,9,11,6.472994666
female,8,9,1.582466274
female,5,9,3.244977239
female,10,5,0.603165412
female,6,8,1.979839576
female,5,10,7.34933856
female,4,10,4.962845011
female,8,10,3.221889018
female,4,11,5.107559188
female,5,10,4.685555312
female,9,6,2.211606511
female,5,9,2.274795268
female,3,11,2.64448323
female,9,10,7.413806442
female,8,10,7.263381383
female,7,10,7.588673652
female,9,10,7.469477001
female,9,7,2.658963729
female,6,9,5.725940145
female,9,8,2.75600196
female,6,9,4.33663098
female,9,15,8.982524906
female,9,15,7.702562583
female,7,13,3.63967243
female,8,12,2.671049928
female,6,14,5.614078066
female,11,12,5.111331157
female,8,12,5.397327452
female,9,12,2.365304364
female,9,15,7.019492826
female,10,12,4.526766504
female,10,13,9.624133828
female,12,12,7.091467031
female,12,12,4.549590537
female,11,13,5.520169851
female,8,14,2.522545248
female,7,15,10.55706091
female,7,15,7.699307062
female,11,12,6.026848022
female,6,16,5.0417626
female,9,15,5.010365193
female,12,9,3.98089172
female,8,12,3.778473497
female,10,12,4.491262453
female,8,10,0.22966683
female,11,12,6.170382166
female,11,13,12.2488976
female,12,12,3.98089172
female,14,7,0.444792371
female,8,13,4.431749441
female,10,12,3.0622244
female,11,12,2.507799298
female,10,12,3.10703744
female,10,13,6.634819533
female,9,12,6.025133414
female,10,12,5.696962273
female,11,12,12.31203625
female,7,15,3.890122202
female,10,12,2.75600196
female,12,12,5.175159236
female,12,10,2.705294158
female,8,16,4.184513117
female,11,13,3.935215116
female,11,12,4.382633086
female,10,13,10.89908753
female,10,12,7.396192266
female,9,15,6.43067124
female,7,10,14.09165211
female,8,15,6.824385805
female,8,14,3.605335897
female,12,12,5.692797148
female,9,12,2.411501715
female,13,11,5.3588927
female,11,12,0.425811259
female,11,12,3.0622244
female,11,12,2.456693291
female,10,12,6.73689368
female,8,15,12.6697458
female,3,15,2.412661648
female,8,12,2.573505758
female,10,14,9.83442113
female,6,14,0.614414156
female,11,12,6.61602401
female,10,14,15.12738854
female,10,12,9.392703044
female,12,12,4.960803528
female,12,12,4.893285597
female,10,12,2.211606511
female,12,12,3.36844684
female,11,12,5.527188503
female,12,12,7.545627144
female,8,12,5.132871375
female,7,16,9.366804047
female,6,16,5.932309229
female,12,12,3.794552107
female,10,13,3.899649032
female,10,12,8.57422832
female,11,13,6.27756002
female,10,14,3.67466928
female,11,12,1.196136479
female,5,12,3.0622244
female,8,14,5.71249036
female,12,12,6.792408557
female,11,13,3.116157902
female,10,12,7.563694268
female,10,12,3.849653531
female,12,12,5.372524908
female,11,13,3.054725075
female,11,13,9.590330052
female,8,15,12.39598581
female,9,13,5.925048141
female,12,12,4.948500251
female,11,12,3.919647232
female,10,13,3.0622244
female,3,15,3.268521623
female,8,12,11.15418936
female,11,12,2.98566879
female,10,12,6.103013229
female,7,12,4.144963179
female,10,10,6.369426752
female,6,13,2.989065455
female,9,15,6.272920286
female,6,16,5.367494454
female,10,12,4.371175222
female,10,12,4.409603136
female,12,11,4.06935598
female,10,11,3.960265338
female,7,16,6.73689368
female,7,14,0.962149056
female,8,12,6.532745386
female,10,14,5.502817246
female,9,10,2.751372247
female,16,8,2.864023429
female,8,15,6.555045769
female,9,15,4.777070064
female,9,15,4.963189677
female,9,15,6.1244488
female,8,15,6.708226047
female,8,15,6.093826556
female,5,14,8.917197452
female,7,15,5.2588759
female,8,15,3.021990795
female,12,10,3.821656051
female,13,10,5.51200392
female,8,15,5.51200392
female,10,12,3.10703744
female,7,12,8.083028873
female,9,9,21.23142251
female,9,14,5.81822636
female,7,14,4.930714654
female,9,15,4.413634821
female,8,15,7.417320548
female,10,12,3.67466928
female,8,15,5.81822636
female,11,12,3.223551344
female,13,9,1.621177623
female,6,12,1.015857536
female,12,9,6.379634166
female,12,12,3.5850432
female,11,11,2.75600196
female,10,14,0.772988683
female,9,12,2.137391527
female,11,11,3.552180304
female,11,12,4.305158463
female,10,10,3.574678279
female,6,16,10.12806374
female,8,15,4.444599986
female,12,12,4.74644782
female,10,14,5.91587624
female,10,14,5.310621575
female,9,15,8.698449463
female,9,15,15.311122
female,11,12,2.810041214
female,8,15,8.022329321
female,7,15,7.872325199
female,7,15,12.94883461
female,9,15,3.527682509
female,9,14,7.1700864
female,9,15,8.359872612
female,9,15,7.111342906
female,8,15,11.18476047
female,9,15,8.57422832
female,7,14,2.997377295
female,8,14,9.317865676
female,11,10,6.244536031
female,7,13,2.123142251
female,3,14,2.394521335
female,9,15,7.143282338
female,8,15,5.902822674
female,7,15,7.736145852
female,11,13,3.651263743
female,6,12,2.665032114
female,9,12,32.49740023
female,12,12,8.4211171
female,7,13,6.08842263
female,10,14,1.559604983
female,12,12,6.032582068
female,12,12,5.879470848
female,7,16,8.727339539
female,7,12,2.75600196
female,9,14,11.77778615
female,11,12,7.662960719
female,9,15,6.87701603
female,9,14,7.04311612
female,8,12,5.854252529
female,11,12,0.91121985
female,11,12,1.633186347
female,8,15,9.016549622
female,8,12,2.701427542
female,9,12,7.926812209
female,10,12,5.81822636
female,9,14,8.271982794
female,13,9,6.769127621
female,9,12,8.293524416
female,13,9,7.205233882
female,10,12,6.42458735
female,11,12,7.283128302
female,8,14,5.068509351
female,9,12,8.369811763
female,10,12,7.232505774
female,10,12,5.175327703
female,5,12,4.108247389
female,9,13,4.28711416
female,7,14,8.71605766
female,6,14,6.73689368
female,8,12,4.173936272
female,13,10,3.44500245
female,10,13,9.186673199
female,10,12,7.519125259
female,10,12,3.011549292
female,11,12,4.144963179
female,9,13,16.0035848
female,10,8,3.094458341
female,9,14,11.02400784
female,7,11,1.811554821
female,8,14,7.655561
female,11,12,6.43067124
female,9,12,4.072758452
female,7,12,1.903506845
female,11,12,6.050405377
female,8,12,2.626567733
female,10,12,3.791325447
female,11,12,5.092407612
female,7,13,7.306574329
female,3,15,4.485511797
female,8,14,12.28389445
female,4,12,2.98566879
female,9,14,15.311122
female,7,12,1.215650591
female,8,12,4.396751094
female,9,13,3.552180304
female,9,13,6.186397247
female,7,12,2.562413061
female,9,10,2.597154802
female,9,10,4.644373673
female,6,12,2.578715284
female,8,13,4.206225213
female,11,11,4.5933366
female,6,12,1.592356688
female,10,12,2.740819743
female,7,13,4.44022538
female,9,12,1.693996477
female,8,14,6.369426752
female,5,12,1.920097462
female,9,14,7.262437597
female,5,12,3.67466928
female,10,12,3.67466928
female,9,13,3.821656051
female,9,14,7.655561
female,8,14,9.670857372
female,11,12,6.72098602
female,8,14,7.100959567
female,9,14,10.79563856
female,9,14,9.274165325
female,8,12,4.078334442
female,10,12,5.81822636
female,7,14,7.134982852
female,10,12,3.899649032
female,8,14,8.846426044
female,11,12,4.28711416
female,9,14,20.99811017
female,9,14,6.630290646
female,3,15,3.98089172
female,6,12,2.695102998
female,8,14,7.655561
female,10,12,6.84884597
female,11,12,5.573248408
female,9,12,0.668706221
female,11,12,5.253135465
female,8,14,8.082052072
female,9,12,3.345807827
female,10,12,10.1481026
female,10,12,7.34933856
female,12,7,3.0622244
female,11,12,2.929220274
female,8,12,4.158842178
female,11,12,7.129955319
female,7,14,5.389514944
female,7,12,1.091901729
female,9,14,4.5933366
female,10,12,5.05267026
female,14,7,3.145089616
female,10,9,4.639149406
female,7,14,6.1244488
female,8,13,30.86217086
female,7,14,9.186673199
female,7,15,10.31319098
female,8,13,6.73689368
female,7,13,7.696390658
female,6,14,16.97182677
female,8,13,6.824385805
female,8,12,4.506669871
female,7,15,4.187849393
female,11,12,3.175640118
female,11,12,5.20578148
female,11,12,2.196354052
female,9,13,4.382357708
female,8,14,4.5933366
female,11,12,4.5933366
female,12,10,6.43067124
female,6,12,3.9156312
female,12,9,3.0622244
female,6,14,5.836242158
female,9,10,7.34933856
female,7,14,8.757961783
female,9,14,10.79563856
female,13,10,5.790387956
female,15,8,2.388535032
female,6,15,2.912570107
female,8,14,7.113065408
female,4,12,2.113079965
female,10,12,7.47512186
female,6,13,1.190547056
female,8,14,7.412694926
female,7,14,2.547770701
female,8,14,10.46405824
female,8,15,7.430997877
female,7,12,3.376021246
female,7,15,6.1244488
female,8,9,3.284235669
female,9,13,6.73689368
female,10,12,4.712075913
female,7,9,8.074831075
female,10,10,4.352683429
female,10,12,15.311122
female,6,14,2.324608304
female,8,14,7.19622734
female,6,14,9.737873591
female,8,14,3.184713376
female,8,14,9.275864201
female,8,14,6.162154289
female,12,10,5.780867222
female,9,13,7.96178344
female,11,11,4.643608683
female,7,14,2.763974965
female,8,9,2.881090737
female,8,13,2.717332232
female,7,10,1.836628244
female,11,12,2.75600196
female,10,12,4.559345909
female,7,12,3.035095969
female,8,12,3.98089172
female,6,15,6.1244488
female,7,14,12.86134248
female,11,12,7.839294464
female,8,11,2.803444873
female,7,14,13.99874011
female,8,14,2.919320595
female,6,15,10.41156296
female,8,14,5.529016277
female,9,13,4.409603136
female,10,12,4.89955904
female,7,15,5.671239588
female,7,11,4.13400294
female,8,14,7.251719262
female,9,14,8.957006369
female,7,14,11.63645272
female,8,13,3.27645409
female,6,14,3.630780722
female,5,11,2.971161167
female,6,13,5.564096932
female,8,15,6.135174629
female,8,14,7.251719262
female,7,15,14.64909557
female,7,14,10.31100102
female,9,14,5.51200392
female,4,12,1.136204143
female,4,12,5.428488709
female,9,12,13.17812431
female,9,14,8.789457339
female,10,12,6.025133414
female,7,14,2.884704145
female,9,14,4.948729105
female,11,12,5.726359628
female,8,15,4.89955904
female,10,12,3.98089172
female,7,14,7.839294464
female,8,14,8.279663373
female,9,12,6.499415053
female,5,12,1.724989435
female,8,13,4.89955904
female,6,14,12.13224143
female,11,12,3.122268016
female,13,9,5.397819281
female,6,13,8.57422832
female,7,13,6.43067124
female,6,13,7.006369427
female,6,13,5.434664464
female,6,13,8.962318088
female,8,13,10.97893746
female,8,13,8.819206271
female,8,13,3.238691569
female,10,12,5.605186794
female,9,13,7.181216436
female,8,13,6.155600625
female,8,12,6.73689368
female,6,13,7.873905035
female,9,12,5.545520804
female,5,13,7.96178344
female,10,12,2.387341361
female,7,12,3.0622244
female,6,13,1.068695764
female,8,13,4.152168678
female,6,12,4.031282754
female,10,12,5.653337354
female,4,12,16.47265539
female,8,10,1.592356688
female,10,12,4.281967564
female,3,13,9.478313618
female,6,12,1.740280533
female,9,13,3.36844684
female,9,13,5.426865842
female,7,13,5.20578148
female,9,12,3.533662553
female,7,13,9.186673199
female,6,11,1.858782126
female,9,12,1.305407986
female,11,11,3.817637485
female,8,13,4.409603136
female,7,11,0.212314225
female,7,15,8.711981879
female,7,12,4.087332675
female,6,13,5.660035621
female,9,12,8.57422832
female,8,12,2.658081065
female,8,12,2.441729861
female,9,12,7.295658132
female,6,14,7.96178344
female,8,12,1.592356688
female,8,13,7.19622734
female,9,12,5.168175215
female,7,14,8.315178527
female,6,12,3.050429165
female,10,12,1.39654549
female,9,12,2.822105619
female,6,12,3.258776478
female,9,12,5.51200392
female,8,12,4.742685593
female,9,12,5.790387956
female,4,14,9.859872612
female,8,12,3.67466928
female,6,12,2.857669031
female,8,12,3.943917493
female,3,12,2.148204638
female,10,10,3.98089172
female,8,13,8.57422832
female,6,13,5.807890388
female,7,13,4.32407204
female,2,13,6.734195685
female,5,9,1.192776545
female,10,12,4.13400294
female,8,12,4.5933366
female,11,10,12.17684526
female,7,13,7.435801366
female,8,13,6.833101496
female,10,12,8.917197452
female,9,12,8.283936527
female,7,13,7.351909157
female,7,12,0.682438581
female,7,12,3.703155088
female,6,12,5.850511793
female,8,12,7.151302491
female,8,13,7.161585838
female,6,13,1.185377187
female,8,12,5.24066758
female,7,13,3.780938254
female,8,13,3.526597402
female,6,13,7.655561
female,6,13,4.808510324
female,8,13,5.339120748
female,7,13,3.74366307
female,9,12,4.470847624
female,10,12,5.722223538
female,5,12,1.729256132
female,7,12,1.333911362
female,9,12,3.346325696
female,8,12,4.980636375
female,9,13,5.66511514
female,6,10,4.409603136
female,6,12,0.675706914
female,10,12,8.930330291
female,9,12,3.115480476
female,10,12,6.0868242
female,9,12,3.0622244
female,8,12,6.038734166
female,7,14,6.522537972
female,9,13,5.20578148
female,8,12,2.333123352
female,10,11,4.821149142
female,8,12,6.665679159
female,9,13,5.278903687
female,9,13,5.639596603
female,10,12,6.804310975
female,7,12,5.51200392
female,8,13,7.96178344
female,6,14,12.55236128
female,6,12,9.110185639
female,8,11,4.549590537
female,9,12,6.29536365
female,8,12,6.175344496
female,7,13,6.1244488
female,6,12,3.499685028
female,8,12,3.366504626
female,7,13,6.122305243
female,8,13,5.298098539
female,9,12,4.312632696
female,8,13,5.074543291
female,6,12,3.821656051
female,6,13,6.27756002
female,8,12,8.727339539
female,7,13,5.260883453
female,7,13,10.94234852
female,6,13,5.573248408
female,9,12,9.330214968
female,4,12,7.91410809
female,5,12,5.389514944
female,9,12,2.90911318
female,11,11,9.013339743
female,9,12,4.992701699
female,3,12,2.245631227
female,9,12,3.36844684
female,8,13,7.34933856
female,8,12,4.05894842
female,8,11,3.029361504
female,5,12,2.44977952
female,4,13,2.71865776
female,6,12,0.679823873
female,9,12,5.237084218
female,7,12,3.179036525
female,8,13,4.89955904
female,6,8,0.097991181
female,7,12,2.564181462
female,8,13,11.37397634
female,8,13,5.703964255
female,7,13,8.009842495
female,11,9,0.908064914
female,8,13,7.406310176
female,8,13,2.836586813
female,7,13,3.667616172
female,7,12,2.98566879
female,9,12,4.654581088
female,8,12,2.789007971
female,10,12,2.10212104
female,8,12,4.090457547
female,6,14,8.648144081
female,9,11,3.017096882
female,8,12,2.547770701
female,6,9,1.145065483
female,7,13,7.655561
female,11,11,7.077140835
female,8,13,1.749842514
female,10,12,5.51200392
female,8,12,3.98089172
female,6,12,4.014668983
female,4,12,3.970551741
female,10,12,3.538570418
female,5,14,4.462655686
female,7,13,6.1244488
female,9,12,4.088262988
female,7,12,1.707621113
female,6,13,6.73689368
female,3,13,0.594162943
female,4,12,1.45199698
female,6,13,9.799118079
female,8,13,5.697161674
female,9,12,16.78098971
female,9,12,2.862663709
female,8,14,5.790387956
female,7,13,7.50244978
female,3,12,3.54983975
female,9,13,2.414694219
female,13,7,4.355163591
female,10,11,1.995434446
female,9,12,1.170850506
female,8,13,7.34933856
female,6,11,4.270485069
female,6,9,2.653927813
female,6,12,3.352329869
female,6,12,5.97133758
female,9,13,4.89955904
female,8,13,1.637975555
female,8,13,5.97133758
female,6,12,2.752221436
female,8,12,12.78680402
female,5,12,3.36844684
female,8,14,3.67466928
female,10,12,2.683290419
female,3,14,2.895193978
female,4,12,11.2072025
female,5,12,4.104012082
female,4,14,2.79816302
female,8,12,2.163879743
female,10,12,3.051034049
female,7,12,6.17129568
female,8,12,9.683250129
female,9,12,8.049275565
female,9,11,4.736024518
female,4,12,6.873482106
female,9,12,3.8277805
female,9,12,10.29402303
female,8,12,13.08786319
female,9,12,3.406662606
female,6,13,5.276815535
female,5,12,4.549590537
female,7,12,3.703155088
female,9,12,3.584082577
female,5,9,5.352459455
female,8,12,4.549590537
female,6,9,3.538570418
female,9,12,6.066120716
female,6,12,7.064059244
female,4,12,2.903442394
female,7,12,8.334301459
female,5,12,1.99044586
female,8,11,5.51200392
female,8,11,3.512551517
female,9,11,4.164625184
female,6,12,5.02460579
female,9,12,5.516059846
female,8,12,5.97133758
female,9,12,7.014787171
female,5,12,5.245410266
female,4,12,4.44022538
female,13,7,3.0622244
female,6,12,6.566419332
female,6,12,7.380745989
female,6,12,2.175515779
female,9,12,4.89955904
female,9,8,6.811117395
female,8,12,3.98089172
female,6,11,6.43067124
female,5,11,3.376021246
female,9,12,5.111029369
female,6,12,2.921755391
female,8,12,7.34933856
female,7,12,10.10077004
female,8,12,6.501026478
female,7,12,8.26800588
female,8,12,2.777366316
female,9,12,5.808799789
female,8,12,4.5933366
female,7,12,11.00888574
female,9,12,7.72859313
female,7,12,1.961030404
female,6,12,7.664455427
female,9,12,4.286289873
female,7,12,2.248032971
female,5,12,6.102444792
female,9,11,6.73689368
female,8,11,2.978508913
female,9,12,4.062134408
female,6,12,5.51200392
female,6,12,5.709645495
female,5,13,6.414865381
female,10,9,6.390039783
female,7,12,10.41156296
female,8,10,3.763752171
female,8,11,2.761312176
female,9,11,5.088003618
female,9,12,3.334778404
female,10,8,2.895193978
female,4,11,2.518666114
female,8,12,4.069921247
female,9,11,3.8277805
female,6,12,5.649158982
female,6,12,5.81822636
female,6,12,2.2966683
female,11,10,3.98089172
female,3,12,1.492834395
female,2,12,2.568317239
female,6,12,5.595396854
female,9,12,10.61571125
female,3,12,8.204685307
female,6,12,1.22488976
female,9,12,11.00599476
female,7,12,6.614815052
female,5,9,1.597682296
female,9,12,7.167163175
female,9,12,7.655561
female,9,12,4.151395462
female,8,12,9.598372258
female,6,12,6.486177955
female,6,12,9.422228923
female,7,12,8.044052155
female,6,13,4.89955904
female,5,12,4.89955904
female,7,12,4.65849031
female,8,12,3.509209847
female,5,11,1.842396168
female,8,12,3.069603254
female,9,12,3.934781005
female,7,12,3.0622244
female,9,12,6.1244488
female,6,12,4.89955904
female,9,12,5.3588927
female,8,12,6.250372046
female,6,12,3.98089172
female,8,12,5.864433838
female,9,11,4.635028857
female,5,12,1.619345784
female,5,12,5.164400069
female,8,12,3.928280816
female,6,12,4.086708273
female,5,11,6.244536031
female,9,11,4.500138466
female,9,12,3.174339717
female,8,12,3.770516904
female,5,11,2.33027808
female,5,12,7.96178344
female,8,12,6.84884597
female,9,12,5.140883083
female,9,12,9.567808425
female,9,11,5.870439402
female,8,12,3.919647232
female,7,12,7.655561
female,9,12,6.73689368
female,7,9,4.28711416
female,6,13,8.210465818
female,10,11,2.642915665
female,8,12,3.67466928
female,7,12,0.689829612
female,8,12,1.821918407
female,5,12,6.649401554
female,7,11,3.98089172
female,6,12,2.502274795
female,8,11,1.486839076
female,7,11,4.09697261
female,9,11,7.296717997
female,9,11,4.211191241
female,5,13,8.368589893
female,9,11,3.156306616
female,9,12,4.712723265
female,8,12,3.526216306
female,7,12,4.703576678
female,8,10,4.170457992
female,9,12,4.838652919
female,3,11,2.458183566
female,9,12,6.1244488
female,6,12,8.880450759
female,7,12,7.655561
female,8,11,5.202565608
female,6,12,3.15466891
female,5,12,3.419826444
female,9,12,4.885941588
female,9,12,0.519790005
female,9,12,4.28711416
female,6,12,3.0622244
female,6,13,4.693261817
female,8,12,10.92469245
female,8,11,4.676851811
female,9,10,2.44977952
female,9,12,2.229299363
female,9,12,4.209946105
female,8,12,5.171756764
female,7,12,1.220864931
female,6,12,2.920081032
female,4,10,2.909890394
female,7,12,1.558950604
female,9,12,3.768891569
female,9,12,7.96178344
female,4,11,0.816593173
female,7,12,3.950269476
female,6,10,2.171042411
female,7,12,4.458598726
female,6,10,3.548680619
female,6,13,11.63645272
female,8,12,2.915582668
female,5,11,2.388535032
female,6,11,4.89955904
female,4,12,7.04311612
female,6,12,4.387105161
female,7,11,5.307855626
female,9,12,5.894169525
female,6,10,2.330684122
female,6,12,1.007023992
female,9,12,6.361474908
female,10,11,6.053766091
female,10,10,3.401150207
female,8,12,4.97611465
female,9,12,2.866242038
female,7,11,2.781170928
female,9,11,2.779386219
female,5,13,3.148385847
female,10,10,3.67466928
female,8,12,8.880450759
female,9,12,4.89955904
female,8,12,0.281335104
female,9,12,7.556413348
female,8,12,4.89955904
female,5,12,2.284586353
female,9,12,2.826668677
female,8,13,6.01556971
female,5,13,4.508371144
female,9,12,9.477340985
female,11,10,8.63651085
female,4,12,3.67466928
female,6,12,3.122268016
female,9,11,9.20074777
female,2,12,4.244108035
female,9,12,2.515074729
female,5,11,3.592301422
female,5,12,4.735633273
female,6,12,3.877042371
female,8,11,6.04956471
female,6,11,2.923990858
female,7,11,10.39300402
female,9,11,8.593671014
female,8,11,7.317523241
female,7,10,7.162805348
female,7,12,6.769127621
female,8,10,6.219591147
female,7,11,11.30667471
female,8,10,4.679354139
female,7,11,4.287435292
female,4,11,3.113111804
female,7,11,4.810745281
female,8,11,6.607957915
female,10,8,2.583021345
female,6,11,12.09578638
female,6,8,1.446167969
female,4,11,7.96178344
female,6,11,5.58855953
female,8,11,5.218249325
female,8,10,3.216882198
female,9,11,3.32915281
female,3,11,3.0622244
female,9,11,4.274783055
female,9,11,4.74644782
female,8,11,6.342245699
female,7,10,1.835569669
female,7,11,5.594150464
female,5,12,2.920081032
female,6,11,7.04311612
female,8,11,6.1244488
female,4,11,0.661758624
female,9,11,6.1244488
female,9,11,6.43067124
female,4,11,7.34933856
female,7,11,8.146941194
female,3,11,5.536328279
female,7,11,1.965815882
female,5,11,7.605285674
female,9,11,5.82680549
female,6,11,2.948808681
female,8,11,3.15318156
female,9,9,2.14355708
female,7,12,10.77096846
female,6,11,3.142809252
female,4,10,5.129739666
female,9,11,5.459508644
female,7,10,5.51200392
female,5,10,8.380824673
female,8,11,7.114785201
female,8,11,10.10534052
female,4,11,10.56539983
female,7,11,7.04311612
female,7,11,6.298879303
female,6,11,6.369426752
female,7,12,4.549590537
female,7,11,6.111061272
female,6,11,7.720517275
female,8,10,1.65296542
female,7,11,3.728858847
female,6,11,5.124237129
female,8,10,1.551941544
female,8,10,6.227883935
female,6,10,3.67466928
female,7,11,4.278885534
female,8,11,5.787604116
female,9,10,4.382633086
female,6,11,2.353036634
female,8,11,3.36844684
female,8,10,3.98089172
female,6,11,5.375043672
female,7,11,5.686988171
female,9,11,5.974083022
female,8,11,5.20578148
female,5,10,3.340121822
female,7,11,4.458598726
female,4,10,2.891907719
female,8,11,3.67466928
female,9,11,4.432333049
female,5,11,2.899944091
female,7,11,3.857200306
female,6,11,7.418934569
female,5,11,6.73689368
female,8,12,4.115946205
female,7,11,8.351026185
female,7,11,11.98079587
female,9,11,5.328270456
female,7,12,3.184713376
female,8,11,4.549590537
female,6,11,9.914673717
female,4,11,2.566099986
female,5,11,10.78121232
female,8,11,6.314177697
female,9,10,2.14355708
female,7,11,9.194710534
female,9,11,2.901054695
female,8,11,1.923136097
female,3,11,5.20578148
female,8,11,0.551200392
female,4,11,5.397819281
female,9,11,10.73498891
female,8,11,5.606130519
female,7,10,3.0622244
female,6,12,6.427861859
female,7,10,4.381355181
female,8,11,6.987455613
female,7,10,5.178395733
female,4,11,4.082965866
female,8,11,3.746721619
female,5,11,7.275880154
female,7,11,4.042028918
female,8,11,5.20578148
female,8,10,5.20578148
female,9,11,8.242453181
female,5,10,2.274795268
female,7,11,3.81860117
female,8,12,5.510771636
female,8,9,3.605954414
female,9,11,4.664678067
female,9,11,4.991425772
female,5,11,3.0622244
female,4,11,8.407643312
female,9,10,8.880450759
female,9,10,7.04311612
female,8,10,4.153973968
female,3,11,3.52406808
female,7,11,5.360906261
female,9,11,4.112255435
female,8,11,8.580574899
female,6,10,7.493443237
female,7,11,4.512751747
female,4,11,3.450106157
female,9,11,4.388384573
female,9,11,2.480401764
female,7,11,6.303078556
female,6,11,3.8277805
female,6,11,3.461644974
female,9,10,3.954644082
female,8,11,8.537939696
female,7,10,5.120575325
female,8,10,2.14355708
female,9,11,3.947991788
female,8,11,3.053416468
female,7,10,4.644373673
female,8,11,2.257944933
female,9,11,9.45285949
female,8,10,6.662580284
female,7,11,10.18367649
female,7,10,5.919541591
female,4,11,2.161570165
female,7,11,7.43719554
female,7,11,6.1244488
female,3,11,1.797580457
female,8,11,2.825148962
female,6,11,10.10534052
female,5,11,6.1244488
female,6,11,6.959600909
female,8,11,7.995096341
female,5,11,6.8900049
female,8,11,5.810705107
female,8,11,7.176412946
female,4,11,1.192138697
female,2,11,3.895673854
female,8,12,3.289993157
female,6,11,3.874347173
female,8,11,4.268516357
female,6,11,6.11431234
female,9,10,3.984449264
female,8,11,8.772984016
female,7,11,3.947250381
female,9,10,3.67466928
female,8,11,2.44977952
female,6,11,3.36844684
female,6,11,3.810768142
female,7,11,2.44977952
female,6,11,4.359518754
female,5,11,2.242755898
female,7,10,4.5933366
female,9,11,6.096680518
female,5,11,1.806329618
female,3,10,1.930129319
female,3,11,4.28436777
female,3,10,1.99044586
female,2,10,0.271328083
female,4,11,2.516896767
female,7,11,3.225026203
female,9,10,7.550292498
female,11,8,1.476470891
female,8,10,2.647623947
female,8,12,5.310950586
female,8,12,3.0622244
female,9,11,4.13400294
female,5,11,6.499415053
female,7,11,2.943071699
female,5,11,2.44977952
female,6,10,3.189062097
female,7,11,4.549590537
female,5,10,4.676851811
female,6,11,4.345612794
female,7,10,2.316155182
female,8,10,3.0622244
female,8,12,6.1244488
female,7,11,4.337861579
female,7,11,3.605335897
female,8,10,5.788038914
female,5,11,5.710520536
female,7,12,2.75600196
female,10,8,3.360248759
female,9,11,7.279344859
female,9,11,4.85932425
female,7,10,5.103707333
female,6,10,18.51577544
female,9,10,5.471276335
female,10,9,5.607929021
female,8,10,5.450759432
female,8,10,6.73689368
female,6,10,3.467443374
female,5,10,7.471827536
female,5,10,4.405919257
female,9,10,5.3588927
female,8,10,1.749842514
female,5,9,2.31090313
female,9,10,10.84157745
female,10,9,2.75600196
female,9,10,3.98089172
female,9,10,3.42538536
female,8,9,1.194267516
female,8,10,3.961298964
female,8,10,2.244261104
female,9,9,5.97133758
female,6,10,1.843920069
female,8,10,4.13400294
female,5,10,0.51868296
female,4,10,5.646654922
female,9,10,10.97297077
female,3,10,1.01910828
female,4,9,3.791325447
female,8,9,3.0622244
female,9,10,7.04311612
female,7,10,1.983362423
female,8,9,3.145395927
female,4,9,3.352329869
female,5,11,0.554104111
female,4,9,0.324970753
female,9,10,4.491262453
female,3,9,0.55146552
female,9,8,5.71249036
female,4,9,2.425004831
female,9,6,4.517323937
female,8,9,4.630151786
female,3,9,2.327290544
female,9,8,2.14355708
female,9,9,3.67466928
female,3,8,1.481262035
female,3,8,1.676164935
male,10,12,11.45580351
male,7,14,2.933288636
male,12,11,6.219131084
male,12,12,6.915377616
male,11,11,4.946562576
male,12,12,5.134564088
male,10,12,3.0622244
male,7,11,5.587216449
male,11,12,7.655561
male,10,14,16.65645071
male,9,15,3.216882198
male,12,12,6.828760412
male,8,11,1.032880014
male,11,12,3.490935816
male,10,12,6.130999012
male,11,13,4.638443844
male,7,15,7.96178344
male,8,15,8.945824089
male,9,13,2.44977952
male,11,12,2.632940605
male,14,8,6.189372285
male,9,12,2.041482933
male,10,11,1.092793805
male,8,14,0.734933856
male,11,12,3.503184713
male,6,14,9.033561979
male,9,15,8.757961783
male,12,10,4.89955904
male,8,13,6.348265865
male,11,12,2.911737944
male,5,15,3.266372693
male,8,12,4.332943368
male,10,12,3.252724896
male,12,12,10.56467418
male,12,12,7.944758956
male,11,12,6.1244488
male,15,8,3.239377878
male,9,12,2.529457883
male,12,11,2.962524071
male,16,8,5.73799608
male,9,14,9.799118079
male,11,12,6.1244488
male,9,15,15.71676731
male,7,12,7.464171975
male,9,12,2.359046945
male,12,12,6.119741306
male,8,15,12.20488958
male,8,12,5.573248408
male,13,9,4.423213022
male,7,12,10.96849924
male,12,10,2.002964387
male,14,9,7.839294464
male,11,12,4.825323297
male,9,11,3.340608436
male,9,13,6.27829028
male,11,10,2.074731841
male,10,11,3.67466928
male,8,14,5.410920784
male,9,13,6.634819533
male,6,13,3.36844684
male,9,11,6.355303854
male,11,12,4.89955904
male,9,12,4.749133982
male,11,12,2.465584549
male,11,12,7.04311612
male,6,11,2.592208562
male,9,11,4.89955904
male,6,12,4.986590681
male,5,14,3.07553199
male,9,12,4.394085561
male,7,12,7.724886908
male,5,14,14.38257654
male,10,10,9.634427019
male,7,12,5.738222299
male,9,10,4.338846561
male,10,12,4.411334429
male,8,14,10.63497752
male,9,12,7.696390658
male,6,14,11.66095051
male,5,14,1.38465799
male,6,13,1.486199575
male,4,14,5.086293595
male,8,12,9.034647875
male,10,11,2.44977952
male,14,9,7.19622734
male,12,11,5.51200392
male,9,12,3.214384618
male,13,8,1.031705953
male,11,10,6.1244488
male,3,15,6.455500086
male,4,12,2.343728458
male,11,12,4.89955904
male,7,14,3.98089172
male,8,10,0.868558193
male,12,11,6.73689368
male,6,12,0.831952293
male,7,13,4.549590537
male,6,11,6.008893162
male,10,12,8.685581934
male,12,10,3.0622244
male,11,8,1.525002415
male,10,12,5.345366974
male,13,10,7.04311612
male,6,12,6.1244488
male,6,14,3.595644134
male,14,9,3.676112024
male,8,14,2.048988385
male,6,14,2.44977952
male,9,12,3.001300564
male,11,9,5.07524044
male,8,14,4.485511797
male,11,12,8.95300949
male,7,10,1.073498891
male,7,14,14.29038053
male,8,13,4.89955904
male,9,12,8.26800588
male,7,12,3.434494817
male,11,12,7.34933856
male,7,14,4.851048554
male,12,10,4.728395405
male,10,12,5.51200392
male,9,12,6.808697562
male,12,10,2.617572638
male,7,12,4.02562084
male,8,12,5.43731552
male,9,12,12.28389445
male,9,12,3.98089172
male,11,10,4.048364461
male,6,13,11.09249389
male,9,12,5.20578148
male,10,9,3.122268016
male,13,9,3.98089172
male,10,11,7.264052118
male,8,12,5.830138903
male,8,13,3.191967848
male,11,11,3.9156312
male,8,12,3.332839579
male,7,14,4.604404881
male,11,10,2.84678559
male,8,9,1.088170857
male,7,12,1.432964137
male,10,9,3.8277805
male,8,12,8.11489466
male,8,12,7.464171975
male,8,12,5.816828084
male,8,11,6.433764396
male,11,10,2.532015935
male,9,12,4.496065942
male,9,10,1.797822067
male,10,12,5.20578148
male,5,12,0.318471338
male,10,9,5.914467698
male,8,12,10.19849989
male,8,12,4.74644782
male,8,9,5.428488709
male,6,11,4.254019081
male,8,12,6.1244488
male,9,12,4.89955904
male,8,13,7.96178344
male,7,13,5.851987828
male,8,13,4.190412337
male,9,12,2.338262391
male,7,12,7.96178344
male,12,10,2.75600196
male,7,13,5.942933852
male,10,12,2.114917571
male,7,13,5.05267026
male,13,8,3.184713376
male,3,11,1.647265539
male,6,12,5.20578148
male,6,14,10.61571125
male,10,11,4.81316883
male,8,13,9.933416012
male,9,12,5.678537966
male,8,12,3.578329636
male,8,11,4.616169911
male,7,12,8.039437093
male,9,13,7.145190266
male,8,10,7.433243508
male,4,12,2.008016
male,10,11,2.002964387
male,8,12,3.281219842
male,4,12,1.993560799
male,11,11,9.375558069
male,7,13,5.97133758
male,7,13,9.753184713
male,5,12,4.5933366
male,9,12,7.04311612
male,9,11,5.597502847
male,5,12,6.255686988
male,4,11,2.761312176
male,9,8,4.89955904
male,10,11,10.10534052
male,8,12,2.569734241
male,6,11,7.735167213
male,9,10,2.75600196
male,8,11,9.353908034
male,6,11,5.775802596
male,7,12,5.006536311
male,11,8,5.709151024
male,8,9,0.52581949
male,6,12,2.14355708
male,8,11,7.655561
male,7,12,8.57422832
male,7,12,3.112097761
male,9,12,3.976910828
male,5,12,3.765920429
male,9,12,7.34933856
male,12,8,1.041156296
male,6,9,5.81822636
male,7,11,0.221160651
male,6,11,4.89955904
male,4,11,3.10703744
male,8,11,3.837004067
male,8,12,4.386657542
male,2,12,3.728444928
male,8,11,4.5933366
male,8,12,6.322011664
male,12,8,6.050955414
male,7,11,4.392708105
male,3,12,6.43067124
male,5,12,5.732484076
male,5,11,4.5933366
male,5,12,3.686010852
male,8,12,7.156045493
male,9,12,7.04311612
male,8,11,4.777070064
male,3,11,9.492895639
male,7,13,3.791325447
male,9,12,3.36844684
male,9,11,3.98089172
male,6,10,5.732484076
male,10,11,2.205862079
male,10,10,1.905384071
male,5,11,4.777070064
male,3,12,2.381094113
male,4,12,4.556988245
male,10,11,7.96178344
male,8,11,5.538631958
male,5,13,9.663019217
male,5,12,5.20578148
male,4,11,6.407873996
male,7,11,5.696235306
male,5,11,39.8089172
male,7,12,4.5933366
male,8,12,9.569451249
male,6,12,8.57422832
male,7,12,0.762537006
male,6,12,5.725327417
male,6,11,18.47341909
male,2,13,3.364133848
male,10,9,4.732114972
male,7,8,2.14355708
male,9,11,4.13400294
male,9,11,7.684691208
male,6,11,3.705291524
male,7,12,5.407513324
male,6,12,3.967666166
male,5,11,6.098387315
male,6,11,3.317409767
male,5,11,11.72287132
male,6,11,3.74546264
male,8,10,7.96178344
male,9,9,2.540994715
male,7,11,4.220026558
male,9,11,4.458598726
male,7,11,7.655561
male,8,11,5.384130813
male,8,11,5.66530969
male,7,11,5.20578148
male,7,10,5.44912935
male,7,11,4.114133545
male,5,12,11.8895966
male,4,10,3.0622244
male,4,11,4.562714356
male,9,10,4.89955904
male,10,10,0.826125389
male,7,8,1.83733464
male,4,11,6.27756002
male,4,11,4.74644782
male,7,11,5.20578148
male,7,11,3.209401076
male,7,10,5.20578148
male,8,10,5.81822636
male,8,10,6.239438451
male,2,11,11.81143697
male,9,10,5.81822636
male,9,11,2.904796611
male,5,12,4.103380696
male,8,11,7.34933856
male,7,10,0.504708934
male,9,9,0.469721737
male,7,11,4.631508372
male,8,11,3.598546187
male,4,11,6.43067124
male,7,10,6.369426752
male,5,10,4.351782253
male,8,10,4.684837329
male,4,10,3.970443185
male,8,11,10.70711344
male,7,10,4.74644782
male,5,10,9.843659525
male,2,12,4.506261103
male,8,9,5.463969027
male,8,10,4.199622034
male,7,11,3.184713376
male,8,11,5.626702077
male,7,10,2.14355708
male,6,9,3.67466928
male,7,10,5.740685055
male,8,11,7.96178344
male,8,10,1.37800098
male,8,11,5.132871375
male,7,10,3.0622244
male,9,11,6.824385805
male,10,9,1.313283866
male,10,9,5.51200392
male,4,13,5.939518729
male,6,11,6.58679085
male,6,11,4.094631483
male,6,11,6.609782478
male,7,9,5.352459455
male,5,9,2.060350613
male,4,8,3.63967243
male,7,10,6.578750635
male,7,10,2.514247402
male,8,9,5.328752696
male,9,8,7.34933856
male,3,8,9.099181074
male,7,10,8.666095051
male,7,10,2.171395484
male,5,11,9.299363057
male,6,10,2.815216244
male,9,10,7.04311612
male,6,10,7.463050723
male,7,10,5.392878485
male,9,10,3.251996053
male,5,11,4.28711416
male,5,10,5.915143714
male,7,10,7.134982852
male,4,10,11.63645272
male,6,9,5.177824554
male,6,7,4.654069652
male,3,8,0.77675936
male,3,10,5.384130813
male,10,12,11.19899209
male,9,12,7.453584497
male,11,12,7.81156111
male,8,12,8.26800588
male,14,8,1.851577544
male,10,11,4.512271002
male,8,10,3.789808917
male,9,13,3.571379119
male,10,14,10.61571125
male,11,12,5.51200392
male,7,15,12.08673214
male,9,12,4.89955904
male,7,12,2.587579618
male,11,12,3.15318156
male,8,14,2.441952748
male,10,12,3.8781215
male,5,14,6.077697282
male,14,10,5.479769979
male,11,12,8.717281138
male,14,8,5.654321398
male,8,10,7.600747914
male,6,14,8.106543138
male,12,10,2.364520372
male,11,9,4.190412337
male,12,12,5.661712668
male,10,12,7.96178344
male,11,12,5.846064763
male,7,14,4.121821651
male,18,6,5.061614901
male,16,8,5.248806553
male,16,8,4.099136028
male,11,11,12.32792275
male,9,14,25.07673404
male,10,12,5.849473547
male,11,12,5.51200392
male,11,13,3.0622244
male,12,12,8.320422333
male,8,15,0.891244415
male,7,15,7.828345728
male,12,11,4.398775381
male,11,13,8.450317415
male,16,6,0.231447193
male,9,9,2.672486749
male,13,6,3.581203796
male,14,8,10.41156296
male,17,6,7.006369427
male,11,13,9.582323432
male,8,12,4.5933366
male,11,12,6.757233177
male,10,10,7.34933856
male,9,14,10.3948213
male,11,12,6.510969568
male,12,11,18.3733464
male,15,4,3.56497766
male,9,13,9.02398123
male,8,13,6.210191083
male,9,12,6.43067124
male,7,14,10.10534052
male,11,12,11.78531443
male,6,12,3.470217646
male,9,12,4.246284501
male,7,14,6.255487515
male,9,13,13.60988622
male,11,12,6.43067124
male,9,12,6.73689368
male,9,13,5.887705401
male,9,12,1.741640127
male,6,13,10.43679477
male,9,13,5.129739666
male,6,13,7.011797916
male,8,14,10.56467418
male,18,4,9.099181074
male,6,12,3.307565821
male,10,11,3.558338967
male,10,12,7.34933856
male,10,10,5.492711906
male,10,10,1.561134008
male,10,11,12.15152957
male,15,8,4.796120073
male,11,12,5.414012739
male,9,13,6.634819533
male,11,12,12.48907206
male,11,12,3.0622244
male,9,13,5.98434703
male,10,12,7.50816513
male,9,12,12.85323829
male,11,12,5.81822636
male,11,12,7.556946993
male,6,13,2.316155182
male,11,12,4.28711416
male,6,14,11.33023028
male,11,11,3.256353145
male,10,12,4.825323297
male,10,10,9.910291218
male,17,6,5.606889746
male,7,12,4.153973968
male,8,12,4.87456129
male,7,12,1.663430538
male,8,12,3.258776478
male,7,10,6.96656051
male,8,13,10.22723489
male,11,10,2.814179714
male,9,11,5.20578148
male,9,12,10.49425003
male,8,12,9.799118079
male,5,13,9.76406758
male,12,11,7.96178344
male,10,12,4.28711416
male,8,13,7.04311612
male,12,9,3.641984801
male,9,12,6.563913065
male,7,12,13.77173352
male,10,9,4.151395462
male,10,8,2.547770701
male,15,6,6.73689368
male,8,12,4.28711416
male,8,12,9.186673199
male,8,12,5.81822636
male,8,12,7.04311612
male,8,11,4.159625634
male,10,12,4.97611465
male,8,12,5.130991891
male,12,9,5.3588927
male,13,8,2.642338609
male,7,11,3.821656051
male,10,11,4.5933366
male,8,12,4.592417932
male,13,8,5.51200392
male,7,12,5.755506101
male,8,12,4.094331839
male,9,12,3.180002261
male,11,11,6.956370514
male,8,13,10.55539471
male,9,10,3.613127007
male,10,12,9.764451388
male,4,11,2.793608224
male,10,11,5.20578148
male,9,12,4.604404881
male,10,11,9.186673199
male,9,12,8.157031535
male,10,12,10.11020119
male,9,12,12.16922997
male,8,12,5.988349937
male,10,12,16.22978932
male,9,12,7.568788645
male,11,10,10.18461638
male,11,9,7.003530158
male,7,12,4.122606312
male,7,12,3.384392535
male,10,11,4.814901432
male,5,12,7.120294133
male,8,11,3.67466928
male,5,12,9.186673199
male,11,7,6.130999012
male,7,11,2.75600196
male,8,11,5.81822636
male,6,11,11.33023028
male,9,9,1.60035848
male,6,10,1.309907815
male,6,11,2.443067795
male,11,9,4.090457547
male,7,10,4.349852416
male,10,10,11.1263404
male,7,10,0.683265779
male,6,11,7.316233431
male,10,11,4.89955904
male,11,10,6.73689368
male,5,12,6.26500992
male,10,11,3.364980171
male,7,12,4.169079328
male,8,11,5.242326545
male,8,12,2.82041037
male,9,12,8.57422832
male,7,11,9.186673199
male,7,10,4.17289319
male,7,9,10.13317892
male,10,11,5.846666025
male,10,10,7.655561
male,8,12,3.249707526
male,4,13,5.672918433
male,10,8,4.094631483
male,6,11,7.34933856
male,9,12,8.20097865
male,8,11,5.20578148
male,7,11,9.952229299
male,8,10,2.969429721
male,14,6,5.51200392
male,18,3,5.51682632
male,8,12,14.39245468
male,12,7,5.05267026
male,10,10,10.42566016
male,9,12,6.260547662
male,6,11,2.75600196
male,6,11,4.06935598
male,9,11,3.767176878
male,4,11,2.250069233
male,8,12,4.598708923
male,9,11,1.583309207
male,8,12,8.92142339
male,8,13,20.84539664
male,6,11,4.89955904
male,9,11,4.018058763
male,8,10,6.252041483
male,8,11,3.43519645
male,9,11,5.744973149
male,7,12,5.955155093
male,2,13,4.784246433
male,10,7,4.035539653
male,8,13,8.941959803
male,9,12,9.186673199
male,14,6,5.459508644
male,10,8,5.815912336
male,7,11,2.640724192
male,8,9,2.44977952
male,8,9,2.789529964
male,8,12,7.912331368
male,3,10,5.925048141
male,6,10,7.96178344
male,8,11,4.030038531
male,9,10,4.611595178
male,5,11,5.153748443
male,7,11,5.307855626
male,8,11,7.612860659
male,8,11,8.880450759
male,9,9,3.36844684
male,6,9,5.164400069
male,11,9,4.799656683
male,11,5,3.802642837
male,5,9,2.557801294
male,5,10,5.51200392
male,7,11,13.46939707
male,10,10,7.04311612
male,7,11,5.97133758
male,8,11,11.07143623
male,6,11,3.115480476
male,6,9,4.89955904
male,7,11,5.3588927
male,7,10,3.768891569
male,8,10,5.550122896
male,5,10,2.10559562
male,9,11,3.868072926
male,5,11,7.34933856
male,9,11,10.70201785
male,8,10,5.790387956
male,9,10,6.889833826
male,7,11,6.58378246
male,7,12,5.332372281
male,5,11,3.492010281
male,5,11,5.554732632
male,6,10,9.628203229
male,8,10,4.088037874
male,6,10,2.345149761
male,6,9,0.813810914
male,8,11,3.798862874
male,4,11,1.611697053
male,8,11,9.646006859
male,6,10,3.993371004
male,6,10,3.466354695
male,5,12,9.902995656
male,7,10,4.89955904
male,4,10,2.488057325
male,9,11,3.927704061
male,7,10,3.0622244
male,11,9,4.984768762
male,12,6,2.75600196
male,8,10,8.733492945
male,8,10,2.14355708
male,6,10,5.671407382
male,9,11,2.584994623
male,11,8,3.98089172
male,6,11,10.41156296
male,6,10,5.242923653
male,3,10,0.982936227
male,10,9,3.98089172
male,6,11,11.59562306
male,10,10,6.999370057
male,9,9,5.966676114
male,9,9,6.1244488
male,6,10,6.487379099
male,8,10,3.039953677
male,4,10,2.388535032
male,8,10,8.47449009
male,8,10,6.351701074
male,4,10,5.20578148
male,9,10,7.033722793
male,8,9,5.778713787
male,4,9,3.98089172
male,4,10,1.004905614
male,6,10,9.128159357
male,7,9,5.157430568
male,4,9,4.5933366
male,4,9,1.831210191
male,6,9,3.751255771
male,11,13,6.173919307
male,12,12,8.26800588
male,7,13,5.104965954
male,8,14,8.520972243
male,9,15,21.4355708
male,5,15,7.249754026
male,12,12,13.16756492
male,8,14,6.43067124
male,5,14,13.60988622
male,12,12,5.624217882
male,11,11,4.792646164
male,9,14,13.22196372
male,5,15,8.26800588
male,11,12,7.279344859
male,8,15,12.55512004
male,11,12,7.427156244
male,11,12,8.492569002
male,9,12,15.311122
male,9,15,13.7800098
male,10,13,9.799118079
male,12,12,3.98089172
male,11,12,6.885866759
male,14,9,2.757327598
male,13,11,4.088483388
male,12,12,7.655561
male,6,12,2.667001349
male,9,15,7.835850134
male,15,8,3.618992473
male,9,12,7.512657194
male,11,12,5.540926337
male,12,12,5.81822636
male,6,14,5.184417123
male,9,12,10.7177854
male,11,13,4.485511797
male,14,5,7.500446455
male,9,14,10.29171288
male,9,15,16.33186347
male,8,14,5.419014907
male,8,15,5.686988171
male,9,15,15.9386033
male,10,12,4.93304122
male,11,12,9.960420435
male,10,12,5.141241324
male,11,12,7.373836355
male,5,15,11.74504224
male,7,14,4.934062977
male,7,13,8.685581934
male,12,12,9.254722631
male,10,12,4.89955904
male,12,11,1.635982899
male,14,8,4.089957246
male,8,14,7.446842222
male,12,12,7.80867222
male,12,12,3.67466928
male,10,12,5.12081141
male,12,12,7.438746571
male,10,13,8.331930163
male,11,13,7.30917824
male,11,12,5.048030526
male,9,14,5.17606057
male,12,12,5.3588927
male,10,14,6.73689368
male,15,8,2.932216919
male,11,13,11.14649682
male,10,13,7.935526184
male,9,15,7.104360608
male,9,14,7.285292036
male,12,12,5.567680727
male,9,15,14.14747673
male,11,12,8.880450759
male,10,12,10.16658501
male,8,14,10.0713158
male,11,12,5.027171864
male,11,12,5.3588927
male,11,12,5.51200392
male,9,13,4.29513109
male,8,15,9.799118079
male,9,12,9.186673199
male,8,16,8.982524906
male,10,12,7.50244978
male,10,12,11.02400784
male,12,12,4.697624936
male,9,14,12.31014209
male,8,13,7.655561
male,12,12,8.676302466
male,14,10,5.352459455
male,11,12,5.414012739
male,10,14,11.71596007
male,7,15,12.2488976
male,11,13,6.1244488
male,11,12,2.580207596
male,8,15,5.238015421
male,5,14,8.42569838
male,11,10,4.25108799
male,7,14,5.185835957
male,11,13,14.34555575
male,7,16,8.57422832
male,7,13,2.585693664
male,8,15,8.492569002
male,10,12,5.3588927
male,8,15,9.664162905
male,11,13,7.102598176
male,11,12,6.30886168
male,7,14,6.747274101
male,9,12,5.272704265
male,11,11,12.35858922
male,12,12,4.948823345
male,11,12,11.76959291
male,9,12,5.103707333
male,12,12,9.186673199
male,11,12,10.10534052
male,12,12,5.857841893
male,10,14,4.5933366
male,9,14,11.63645272
male,10,12,0.338237066
male,10,12,8.124268816
male,9,12,3.311322776
male,8,12,2.769315979
male,9,12,3.364133848
male,6,14,4.454144582
male,10,12,10.04409603
male,6,14,11.33023028
male,12,12,6.73689368
male,10,14,4.615526632
male,10,12,6.58378246
male,9,14,4.990291615
male,12,12,8.819206271
male,9,12,3.573956122
male,9,12,4.66055616
male,10,12,4.70226136
male,15,9,3.929191827
male,11,12,9.82070204
male,10,14,3.582802548
male,11,12,8.26800588
male,12,11,6.43067124
male,9,15,5.941629433
male,10,12,3.992528173
male,6,15,6.066120716
male,9,15,8.57422832
male,9,15,8.26800588
male,9,14,11.99622976
male,9,15,12.11996184
male,9,14,6.304210778
male,9,15,9.35257599
male,7,14,6.840359172
male,7,14,7.254472382
male,12,12,3.655741623
male,8,15,6.920503915
male,7,15,11.26667468
male,8,15,9.186673199
male,7,15,3.588409438
male,11,9,3.455113568
male,9,15,9.720605497
male,9,15,14.61835648
male,8,14,11.55742757
male,12,12,6.598163071
male,9,15,3.919647232
male,10,12,4.454144582
male,8,15,5.243264257
male,8,9,18.3733464
male,10,12,7.814343005
male,10,12,7.006369427
male,9,15,13.49188918
male,10,14,7.145190266
male,9,15,7.551382231
male,7,15,7.96178344
male,9,15,7.735167213
male,8,16,8.710327182
male,12,12,5.05161432
male,6,13,4.89955904
male,6,15,2.681863895
male,8,15,14.33633031
male,7,14,12.00391965
male,8,15,15.00489956
male,14,10,3.358771152
male,8,15,10.41156296
male,11,12,4.812455768
male,7,15,7.96178344
male,9,15,8.206761392
male,9,14,6.281485948
male,9,15,22.91183614
male,10,12,5.20578148
male,12,12,5.554732632
male,12,7,4.072523499
male,6,15,6.916015037
male,11,12,6.2738256
male,8,14,13.08182264
male,9,10,1.894702895
male,11,12,6.104881871
male,12,12,8.307947937
male,11,12,9.506607092
male,9,15,9.733841823
male,11,13,3.98089172
male,11,12,7.655561
male,9,14,9.799118079
male,8,15,7.041577313
male,8,16,6.126903489
male,10,12,0.415216868
male,12,12,5.290221555
male,8,14,7.34933856
male,16,8,5.594766741
male,13,11,3.330754134
male,9,13,9.064184223
male,8,14,3.386277514
male,11,12,6.62307649
male,10,11,4.713106476
male,12,12,7.34933856
male,6,14,4.865872232
male,9,15,7.20197507
male,8,14,5.307855626
male,11,12,17.69285209
male,8,13,9.799118079
male,7,14,10.81063995
male,7,14,10.26499074
male,8,14,8.880450759
male,7,14,9.211980839
male,9,13,11.18620785
male,9,14,5.784201644
male,9,14,11.3526368
male,11,12,5.97133758
male,7,12,3.0622244
male,9,12,15.311122
male,6,14,7.38178597
male,7,14,8.703564505
male,7,13,9.099181074
male,10,12,7.72571978
male,11,10,3.0622244
male,12,10,4.627361315
male,8,12,6.369426752
male,9,11,4.676851811
male,7,14,10.10534052
male,9,14,4.777070064
male,7,13,9.799118079
male,9,13,7.655561
male,8,14,3.999640032
male,11,12,9.186673199
male,6,12,13.48026826
male,8,12,9.637948374
male,11,12,13.15997263
male,6,13,10.97354422
male,13,9,4.038585803
male,10,12,8.807108595
male,8,14,9.803688564
male,10,13,17.31868301
male,9,13,9.186673199
male,12,11,4.239219136
male,10,10,3.98089172
male,9,10,1.094403222
male,8,14,9.231053263
male,11,12,4.873703847
male,8,14,10.17074132
male,9,12,4.649216607
male,7,14,8.765266172
male,5,14,2.66132037
male,10,13,7.352873595
male,11,11,8.880450759
male,8,12,7.34933856
male,8,12,6.303078556
male,10,12,4.109307582
male,10,12,4.5933366
male,11,12,6.1244488
male,11,12,10.20741467
male,9,14,11.02400784
male,8,14,6.128169984
male,11,12,9.799118079
male,9,12,2.203742077
male,11,12,5.96202192
male,8,12,5.81822636
male,6,14,2.779386219
male,13,8,3.377726308
male,10,13,7.979595036
male,9,12,2.14355708
male,7,12,2.967573827
male,13,9,2.775139934
male,10,13,7.19622734
male,4,16,12.7388535
male,10,12,7.716805488
male,8,14,13.80042463
male,11,12,9.749122579
male,9,14,10.10534052
male,11,12,10.74840764
male,10,13,9.44723718
male,5,15,22.11606511
male,14,8,6.687898089
male,5,14,7.760450985
male,10,13,10.31797854
male,6,12,2.653927813
male,10,12,9.064184223
male,8,14,5.462222792
male,10,13,12.82731776
male,11,12,7.655561
male,7,15,9.969781732
male,8,14,20.41482933
male,11,12,7.04311612
male,9,13,13.7800098
male,4,12,4.20197926
male,11,12,8.57422832
male,9,12,10.7177854
male,7,12,5.971080155
male,7,13,10.99148864
male,11,11,6.634819533
male,9,13,15.311122
male,8,12,7.224302554
male,10,10,4.028983029
male,7,12,2.316155182
male,10,12,11.63645272
male,5,13,4.172113593
male,16,7,4.5933366
male,11,12,7.655561
male,11,12,4.164625184
male,11,12,3.711146359
male,12,10,7.441205292
male,7,14,5.453276328
male,10,12,6.775985906
male,8,12,9.692605926
male,12,10,7.34933856
male,8,13,6.285618505
male,9,13,10.38493492
male,9,13,7.017165065
male,9,12,2.680735165
male,7,14,13.8465799
male,11,12,7.04311612
male,5,12,3.834681464
male,11,9,0.184621065
male,10,12,7.021986771
male,9,14,6.658946149
male,11,12,5.81822636
male,5,13,9.799118079
male,9,11,3.595644134
male,11,12,3.766536012
male,11,12,6.43067124
male,11,10,4.215061821
male,6,13,7.464171975
male,14,7,3.536114782
male,8,12,7.361649009
male,8,14,7.041032974
male,9,14,6.734195685
male,9,12,1.04245937
male,11,12,3.07074749
male,9,12,3.8837968
male,8,13,2.276828151
male,9,14,6.185693288
male,6,15,16.79848814
male,8,14,8.935067587
male,9,13,3.44914806
male,9,13,8.57422832
male,8,13,6.44678821
male,7,14,7.502665126
male,8,13,4.29145774
male,10,11,3.67466928
male,6,15,7.014787171
male,9,13,4.89955904
male,8,12,7.181216436
male,8,10,7.90477783
male,12,10,6.675381748
male,6,13,4.342790967
male,4,14,12.2488976
male,9,12,4.549590537
male,3,15,4.408997504
male,9,14,7.893734008
male,6,13,14.69867712
male,10,12,4.549590537
male,11,12,7.516368981
male,10,12,8.084272416
male,9,14,22.1239682
male,6,13,7.994017381
male,5,13,18.46229115
male,10,12,7.04311612
male,7,13,12.2432917
male,8,14,7.655561
male,10,12,3.8277805
male,9,10,7.599884192
male,9,13,9.216212342
male,9,13,11.63645272
male,12,9,5.199532042
male,11,12,2.994174969
male,9,12,7.213239697
male,8,10,0.816593173
male,8,14,7.485437422
male,7,14,7.774887115
male,6,15,6.725481663
male,5,13,7.6203074
male,5,14,8.015218228
male,2,14,2.467403833
male,8,15,12.39791095
male,9,14,14.29756885
male,11,11,2.60289074
male,11,9,3.67466928
male,12,10,1.632628183
male,9,12,7.04311612
male,5,14,3.598546187
male,9,14,10.88790898
male,8,14,8.4211171
male,9,12,7.237984945
male,9,14,4.924814499
male,9,13,8.800847268
male,9,12,6.079279329
male,7,14,4.376821276
male,13,8,2.895193978
male,13,9,3.266372693
male,10,12,4.94955454
male,9,12,10.7177854
male,9,10,2.044507352
male,10,12,7.259273136
male,4,14,6.1244488
male,4,15,4.246284501
male,9,12,6.591903495
male,8,12,9.952229299
male,10,12,8.26800588
male,7,13,7.621536284
male,10,12,3.31885024
male,9,14,6.532745386
male,11,12,9.047481181
male,11,12,3.694111974
male,9,12,8.462874705
male,9,12,8.982524906
male,7,12,8.33694601
male,9,12,2.2966683
male,6,13,15.92356688
male,9,12,5.367494454
male,8,13,6.117528519
male,10,12,4.281637471
male,8,13,11.02400784
male,7,13,7.655561
male,9,12,5.653337354
male,10,12,11.90390992
male,7,13,5.334394905
male,10,12,5.463056083
male,10,12,6.43067124
male,7,13,8.233370307
male,9,12,3.312101911
male,9,13,6.690574319
male,5,12,4.082965866
male,8,12,4.77826463
male,5,12,13.5258097
male,7,12,4.515036685
male,9,12,5.151868497
male,11,10,6.902827021
male,9,12,11.08233592
male,8,12,8.2325924
male,9,13,8.632942044
male,10,12,5.824426814
male,8,12,4.65849031
male,9,13,4.680943545
male,8,12,3.98089172
male,9,12,13.8594008
male,9,12,6.725481663
male,8,12,6.645026948
male,7,13,9.910511251
male,9,13,9.799118079
male,10,10,3.584082577
male,10,12,5.05267026
male,9,13,3.311660356
male,5,12,3.95125729
male,8,12,16.85405094
male,4,12,4.429364918
male,7,13,10.11020119
male,5,12,6.666871801
male,8,12,3.510205124
male,11,9,7.96178344
male,10,12,6.73689368
male,10,8,3.36844684
male,10,12,2.526731791
male,9,12,5.661712668
male,10,12,6.43067124
male,9,13,9.799118079
male,10,12,3.905780555
male,9,12,5.414012739
male,9,12,7.191288268
male,9,13,3.730920075
male,7,14,4.753303546
male,6,13,7.989524845
male,7,12,4.841040962
male,8,12,7.891325179
male,10,12,12.06543394
male,8,13,8.396062536
male,10,12,4.89955904
male,9,13,10.41156296
male,8,10,5.307855626
male,10,12,2.90911318
male,9,12,6.8900049
male,13,8,7.106385219
male,5,13,2.14355708
male,8,12,8.256664308
male,7,12,5.94706385
male,8,10,4.604404881
male,9,13,13.16756492
male,9,12,4.89955904
male,11,10,5.199532042
male,10,12,5.81822636
male,9,13,5.112272475
male,9,12,6.255686988
male,9,7,10.94745223
male,10,12,7.00418062
male,8,12,7.84734302
male,10,8,6.969585503
male,9,12,6.64003969
male,9,12,12.2488976
male,7,14,4.465743916
male,6,13,4.87704958
male,10,12,7.655561
male,6,13,7.839294464
male,7,13,12.95077528
male,5,14,6.414327041
male,10,12,4.726496551
male,10,12,6.324781237
male,10,12,9.97003293
male,6,12,1.255059458
male,10,12,11.7589417
male,9,13,7.655561
male,8,12,9.186673199
male,5,12,9.506607092
male,9,12,4.209144987
male,9,12,7.640249878
male,7,12,4.170457992
male,10,12,8.4211171
male,11,10,21.87303143
male,9,12,6.379634166
male,7,13,6.275297292
male,9,12,3.72737538
male,7,11,2.445404914
male,7,12,6.369426752
male,4,14,8.57422832
male,8,12,9.592510168
male,9,12,10.41156296
male,13,9,4.413461056
male,10,12,9.799118079
male,10,11,4.005928775
male,7,12,3.746721619
male,9,12,3.354406901
male,9,12,5.536339478
male,16,6,4.503635077
male,10,12,6.050955414
male,12,8,1.869998367
male,9,12,15.92356688
male,9,12,4.303666724
male,8,13,6.477383137
male,7,11,6.961122133
male,4,13,5.547909398
male,10,12,12.92688086
male,6,12,9.513706873
male,10,12,5.51200392
male,7,12,5.483007247
male,8,12,5.869263433
male,9,12,4.161841343
male,11,11,4.654581088
male,6,12,7.96178344
male,6,13,18.70217587
male,6,12,4.231437353
male,8,13,12.74468631
male,5,12,6.802547771
male,10,11,10.43268175
male,10,12,6.420793096
male,7,11,0.42462845
male,10,12,3.110071656
male,6,12,6.73689368
male,10,12,4.409603136
male,7,13,2.182669603
male,9,12,6.239918999
male,10,10,3.966724845
male,12,9,3.076143602
male,6,15,5.43544831
male,6,13,4.804524489
male,7,11,3.67466928
male,8,12,4.683402023
male,13,8,3.98089172
male,9,12,5.51200392
male,9,12,5.81822636
male,8,11,3.335277324
male,13,8,4.316925094
male,10,11,6.920503915
male,8,10,4.143370006
male,8,12,4.912897222
male,5,13,5.573248408
male,7,12,15.92356688
male,8,12,8.344227186
male,7,12,4.004129974
male,8,12,4.89955904
male,9,9,1.048465309
male,12,9,3.866333685
male,9,12,2.278185425
male,9,11,0.153480163
male,10,12,4.695410746
male,10,12,4.804252016
male,8,13,4.274783055
male,10,12,6.43067124
male,9,12,5.09216538
male,10,12,10.06814545
male,9,12,3.0622244
male,16,5,4.303666724
male,9,10,3.63967243
male,7,12,3.352329869
male,9,11,3.258776478
male,10,11,8.118844418
male,11,9,4.454144582
male,10,11,6.50890325
male,8,11,6.43067124
male,5,13,5.124826122
male,8,13,5.486772108
male,8,13,13.7800098
male,3,13,11.07217445
male,5,13,6.184544855
male,8,13,6.1244488
male,8,13,4.89955904
male,7,13,3.328968686
male,9,12,5.193596503
male,10,12,8.853257261
male,9,13,7.04311612
male,9,12,7.04311612
male,12,10,6.43067124
male,6,12,4.131520055
male,10,12,3.919647232
male,9,12,5.129555567
male,10,12,8.106543138
male,8,13,10.7177854
male,5,12,6.864892938
male,8,14,3.937145657
male,7,12,6.73689368
male,14,7,6.163961373
male,8,9,1.935995973
male,9,12,5.20578148
male,10,12,11.22232332
male,6,11,1.296234216
male,7,12,6.1244488
male,5,12,20.61474218
male,6,11,8.433534262
male,10,11,8.908289163
male,8,12,3.280168
male,8,12,6.526052
male,5,11,7.655561
male,9,11,7.621536284
male,8,12,8.14137254
male,8,11,3.198038536
male,6,12,6.859382656
male,7,12,5.486155686
male,7,12,7.298301486
male,9,12,1.367318802
male,6,12,4.971259904
male,9,12,7.565971064
male,4,12,6.859382656
male,3,11,1.633186347
male,7,12,4.454144582
male,9,9,2.048646031
male,7,11,6.438099816
male,8,11,1.436172887
male,6,12,12.38499646
male,9,11,7.318716316
male,5,12,3.93746381
male,9,12,7.225591135
male,8,11,5.918493884
male,7,12,7.04311612
male,9,12,6.106950375
male,9,12,8.908289163
male,8,11,8.165931733
male,7,12,8.605666168
male,8,12,5.320170837
male,9,11,9.380599045
male,8,12,5.991689787
male,8,12,7.516116288
male,6,12,4.409603136
male,7,12,10.04497409
male,6,11,4.073470597
male,5,12,8.57422832
male,5,12,4.590577839
male,7,12,9.164642808
male,8,12,6.405010141
male,9,11,6.326292936
male,3,11,9.458081487
male,6,12,6.230960953
male,5,12,1.070491891
male,9,12,11.94267516
male,9,11,10.17600724
male,6,12,2.394521335
male,5,11,11.79523473
male,7,11,1.751592357
male,9,12,3.67466928
male,6,11,5.118289354
male,8,12,6.67762482
male,10,11,5.811520759
male,9,12,4.712075913
male,5,12,5.601254681
male,7,12,6.614404704
male,8,11,6.383819206
male,9,12,11.63645272
male,9,12,5.20578148
male,8,12,7.507388851
male,8,10,3.819109978
male,7,11,4.307422105
male,8,12,2.53762022
male,7,11,3.36844684
male,6,12,4.082965866
male,8,12,3.545421474
male,5,12,3.538570418
male,8,12,5.247020605
male,5,12,7.96178344
male,4,13,8.815815573
male,9,12,5.188671401
male,9,11,8.292174778
male,11,7,4.438624914
male,7,13,10.05083854
male,8,12,5.81822636
male,8,12,5.603601248
male,5,12,4.369527587
male,3,12,18.93963963
male,5,12,9.312027415
male,9,11,9.799118079
male,7,12,6.717754777
male,9,12,5.859321146
male,4,12,3.301171366
male,6,12,11.54896059
male,13,7,6.8900049
male,8,12,28.30856334
male,8,12,9.186673199
male,9,11,8.530482257
male,9,12,6.910770436
male,8,12,12.3563937
male,9,11,8.26800588
male,7,10,4.312632696
male,7,12,11.02286201
male,8,11,8.023946595
male,7,12,4.269052783
male,10,11,7.39842259
male,8,12,4.99149824
male,9,12,9.749460386
male,10,10,4.463720341
male,3,11,2.31896605
male,5,12,11.16317743
male,6,12,9.231053263
male,8,11,5.988349937
male,8,12,8.57422832
male,4,12,4.28711416
male,9,12,7.373787457
male,6,11,4.5933366
male,10,11,3.791325447
male,10,11,5.004549591
male,9,12,7.839294464
male,8,12,8.359872612
male,6,12,5.397819281
male,6,12,9.729266932
male,9,11,6.139206508
male,5,11,5.766559199
male,9,11,3.545135483
male,9,11,4.008730123
male,8,12,5.116005423
male,9,12,5.498785685
male,9,12,3.851281292
male,10,11,5.51200392
male,8,12,7.083699816
male,8,12,7.655561
male,9,11,6.384750152
male,7,12,7.655561
male,8,12,6.004846769
male,9,11,4.600141543
male,6,12,4.778475498
male,7,11,7.674008134
male,6,12,9.546681782
male,9,12,13.47378736
male,7,12,6.971511867
male,8,11,6.225755472
male,9,12,6.921362077
male,5,12,3.236497333
male,9,12,13.16756492
male,9,12,3.8277805
male,9,12,4.099689542
male,4,12,9.889682942
male,11,8,4.89955904
male,11,9,2.888628912
male,9,12,11.63645272
male,7,10,2.274795268
male,10,11,8.811927447
male,6,11,6.824385805
male,7,11,3.373640372
male,8,12,3.912958414
male,9,12,27.45442565
male,5,12,8.358071303
male,7,11,6.31371748
male,9,12,7.126631331
male,8,10,2.787495296
male,6,12,8.165931733
male,8,12,4.511677282
male,5,11,4.74644782
male,5,11,3.36844684
male,9,12,4.5933366
male,6,11,5.66511514
male,8,11,0.525097012
male,7,12,5.367494454
male,7,12,1.786077389
male,9,12,4.016755609
male,7,12,8.639540496
male,8,11,2.993630573
male,11,10,7.661967327
male,8,12,4.238912479
male,10,8,5.859321146
male,9,12,7.621536284
male,5,12,17.23346982
male,8,11,8.904626215
male,6,12,7.566168447
male,10,9,4.084602326
male,9,11,7.96178344
male,10,8,3.966242038
male,12,8,3.482146744
male,9,9,4.265241128
male,3,12,1.933791803
male,8,12,10.49905509
male,3,12,2.948808681
male,2,11,2.532575249
male,9,9,8.11789684
male,8,11,6.43067124
male,7,10,3.299683532
male,6,12,4.533399823
male,9,7,2.309436821
male,12,8,2.511024008
male,6,12,2.241966474
male,7,10,3.649150743
male,11,9,5.144536992
male,8,12,4.320347603
male,8,12,4.834804634
male,10,11,2.826668677
male,7,10,2.590550433
male,8,13,8.796121428
male,6,12,3.379006234
male,9,12,6.1244488
male,8,9,1.961745954
male,6,12,3.843502877
male,6,12,4.082965866
male,3,11,2.653927813
male,7,12,3.608740369
male,7,12,5.634492896
male,9,10,5.51200392
male,8,12,4.89955904
male,10,7,1.932471709
male,8,11,5.20578148
male,9,10,6.431358351
male,7,12,7.893734008
male,12,9,4.334225304
male,9,11,7.014787171
male,6,11,5.268431986
male,7,11,7.34933856
male,8,10,5.068509351
male,9,11,8.659685745
male,9,11,9.405403514
male,8,8,2.615292806
male,9,11,11.26335411
male,8,11,6.1244488
male,9,11,7.921673699
male,8,11,5.931616931
male,8,11,8.57422832
male,9,10,3.939851599
male,6,11,4.926187078
male,7,11,2.067995699
male,10,7,3.866333685
male,7,11,7.96178344
male,5,11,4.71809389
male,9,11,1.670304218
male,8,10,4.443786106
male,4,11,8.324399319
male,10,10,11.2007817
male,4,11,4.97611465
male,10,10,3.244741086
male,8,10,2.965282473
male,7,10,4.146762208
male,9,10,3.966430774
male,8,11,5.462630147
male,9,10,7.089075305
male,5,11,14.62368387
male,3,11,6.389304588
male,10,10,3.703155088
male,9,10,7.389126162
male,12,8,9.492895639
male,7,11,11.6513904
male,11,8,6.73689368
male,6,11,11.26898579
male,9,10,4.551203867
male,8,11,4.28711416
male,5,11,4.604404881
male,8,10,3.98089172
male,7,10,10.84694457
male,6,11,4.596493532
male,6,11,3.370067064
male,6,11,10.79563856
male,8,11,3.122268016
male,8,11,6.727021027
male,8,11,4.766813338
male,8,10,4.13400294
male,9,11,7.018652068
male,9,11,8.57422832
male,7,11,4.364924934
male,9,11,5.738222299
male,9,10,7.655561
male,4,11,4.44022538
male,9,11,2.136288642
male,9,10,7.210671794
male,6,10,5.072994758
male,6,11,9.478313618
male,10,9,5.51200392
male,6,9,3.791325447
male,9,11,10.59364117
male,7,11,8.062918665
male,6,10,5.18190651
male,8,11,8.223297403
male,6,11,4.423213022
male,6,11,10.16658501
male,4,11,5.287711962
male,6,11,7.3588927
male,6,10,8.530482257
male,6,11,24.88057325
male,5,10,3.829903317
male,7,11,15.311122
male,4,11,9.971405078
male,7,11,13.38192063
male,8,11,7.655561
male,7,11,4.777547819
male,9,10,5.318936745
male,6,10,2.630545189
male,8,11,4.159625634
male,5,11,6.1244488
male,8,11,4.101039357
male,9,11,5.420788725
male,5,11,6.1244488
male,6,11,7.423574303
male,6,8,10.07023992
male,7,8,3.899649032
male,8,12,6.143351419
male,10,10,5.201891176
male,6,9,5.51200392
male,9,10,8.165931733
male,9,11,4.5933366
male,9,11,7.979595036
male,5,11,7.470315326
male,7,11,7.04311612
male,5,10,6.113252367
male,7,10,6.824385805
male,7,9,3.266372693
male,6,10,7.742415014
male,4,11,10.56467418
male,7,10,4.516606006
male,5,10,1.592356688
male,8,11,8.675204895
male,7,11,5.476516459
male,8,10,4.89955904
male,7,11,5.897617363
male,5,11,7.839294464
male,10,9,5.931945752
male,8,11,6.142622238
male,7,11,5.819780788
male,10,9,2.815561924
male,9,10,4.256491916
male,3,11,5.51200392
male,9,11,5.560835828
male,8,11,10.4416832
male,6,10,7.655561
male,9,11,3.081980686
male,9,11,4.5933366
male,8,11,3.734951813
male,5,11,7.34933856
male,7,10,3.145395927
male,4,11,8.329250368
male,8,11,5.538631958
male,6,11,6.410637996
male,5,11,10.41156296
male,7,11,1.614784247
male,7,11,5.027024914
male,9,10,6.535792376
male,7,11,5.067475384
male,9,11,3.060385226
male,4,11,7.025103035
male,7,11,8.880450759
male,8,11,2.006118662
male,4,11,12.2488976
male,8,11,4.731574158
male,6,11,11.23142251
male,8,11,5.095541401
male,2,11,1.729647455
male,6,11,4.89955904
male,7,10,6.1244488
male,7,10,3.67466928
male,9,10,3.244977239
male,7,10,2.527550298
male,9,11,7.450476246
male,9,11,3.67466928
male,7,11,3.303644581
male,6,9,2.847868692
male,12,8,4.777070064
male,4,10,4.595177616
male,6,11,4.762978412
male,8,11,6.73689368
male,8,9,0.353857042
male,5,11,1.973021081
male,9,11,4.862157826
male,8,11,5.980682396
male,6,9,1.326963907
male,14,5,4.886293086
male,10,7,3.266372693
male,7,10,2.337118427
male,7,10,4.235695263
male,7,10,7.045826053
male,5,10,0.399086889
male,9,9,5.466201953
male,7,11,1.42620393
male,9,9,2.869741723
male,8,11,22.11606511
male,6,11,2.997377295
male,8,11,4.858037353
male,9,9,3.340608436
male,9,11,7.655561
male,8,11,4.5933366
male,9,10,4.082965866
male,7,10,4.28711416
male,5,9,2.987536
male,9,11,4.654581088
male,11,8,5.51200392
male,14,6,6.43067124
male,8,10,7.709096391
male,8,10,3.327312482
male,5,12,4.409603136
male,5,12,6.450052407
male,8,10,3.516861397
male,9,11,6.643846498
male,10,9,3.814027995
male,10,10,4.028095969
male,9,8,2.125409354
male,7,8,1.066905654
male,9,10,10.69849724
male,9,10,5.552042689
male,6,11,3.67466928
male,6,10,4.696021969
male,9,10,6.139683747
male,5,10,2.75600196
male,8,11,3.428676926
male,9,8,3.629302992
male,7,10,6.8900049
male,9,9,2.986983483
male,6,11,7.279344859
male,9,11,10.41156296
male,9,10,8.56873554
male,9,10,6.366658639
male,8,10,5.51200392
male,3,9,3.402067701
male,7,11,4.225527524
male,6,9,3.98089172
male,9,10,6.572354453
male,3,11,5.86579766
male,8,8,5.002167606
male,9,10,6.114649682
male,4,10,8.908289163
male,7,10,5.653337354
male,9,10,9.186673199
male,6,10,1.442134359
male,7,10,4.766237705
male,8,10,3.560549116
male,9,10,4.227495632
male,7,10,7.045826053
male,7,10,2.123142251
male,8,10,7.546714161
male,6,10,4.28711416
male,9,10,4.591912309
male,10,9,6.935854902
male,9,10,3.67466928
male,4,11,5.620082428
male,9,10,5.814414462
male,9,9,7.720517275
male,6,10,10.47416844
male,6,10,8.177415074
male,6,11,3.655920967
male,4,10,4.5933366
male,9,10,5.307855626
male,6,10,4.5933366
male,9,9,8.887572212
male,9,10,5.095541401
male,9,9,7.633134589
male,4,8,2.533294731
male,3,11,3.899649032
male,7,11,6.58412653
male,4,8,1.516530179
male,8,8,4.281967564
male,9,9,3.593470664
male,6,8,4.342790967
male,4,10,5.790387956
male,6,8,2.076986984
male,9,10,6.1244488
male,4,10,2.85624518
male,5,8,5.51200392
male,6,9,4.28711416
male,5,9,7.145190266
male,6,9,4.538783909
male,10,8,2.90911318
male,7,7,4.153973968